ID,post_title,post_content,post_status,post_author,post_type,post_date,post_modified,post_tags,post_category,default_category,featured,street,street2,city,region,country,zip,latitude,longitude,phone,payment_types,neighbourhood,ratings,package_id,expire_date,business_hours,email,terms_conditions,does_your_business_have_any_of_the_following,website,how_to_support,cause_description,verified,claimed,facebook,instagram,official_review_url,tiktok,cf1,service_2_description,cf4,cf5,cf2,service_1_description,service_4_description,service_5_description,special_offers,to_verify_your_ownership_please_upload_any_of_the_,would_you_like_to_display_services__products,would_you_like_to_add_cah,post_images
2119,Dads House,"Dads House aims to make sure children remain the priority after divorce, separation or bereavement. We have been running Foodbanks for over 10 years and are very lucky to have a great partnership with Delancey and Earls Court Development, who provided us with premises in Lille Road, Fulham, SW6 1TS. Anyone supporting a family is welcome. We also run a pro bono family law clinics on Wednesdays and Fridays. A fully functioning law practice, Simon Bruce is our legal director and a partner at Dawson Cornwell. He is one of the best family law solicitors in the country.",publish,10,gd_place,2025-07-09 09:21:05,2025-08-25 09:41:07,,",193,139,",193,1,22 Lillie Road,,London,Greater London,United Kingdom,SW6 1TS,51.4868419,-0.1976115,7765183504,"Cash,PayPal,Credit Card,Debit Card",,,13,0000-00-00,,info@dadshouse.org.uk,1,,https://www.dadshouse.org.uk/,https://www.dadshouse.org.uk/donate,"Dads House is a registered Charity and depends entirely on donationsEach week we are helping over 850 people who then feed their families, thanks to your contributions.We currently have one food bank and as well as delivering food to those that are vulnerable or shielding. Dads House in Royal Borough of Kensington and Chelsea (RBKC ) is open 7 days a week.We need funding for food, supplies, equipment and core funding for our paid staff members. (On London living wage)",1,1,https://www.facebook.com/dadshouseuk,https://www.instagram.com/dadshouseuk/,,,Family Law Clinic,"Dads House provides a foodbank for families at Lille Road, Fulham, SW6 1TS. We're open Monday to Friday, 10am to 1pm, thanks to our partners at Delancey and Earls Court Development.",Drug and Alcohol Testing,Breakfast Club,Food Bank,"Dads House holds a weekly Family Law clinic offering practical and free legal advice, which is led by Simon Bruce. ‚ÄúOne of the best family lawyers in the country‚Äù Chambers NHW 2020",Dads House provides free health and blood testing for all families. The social setting allows fathers to discuss their concerns and get referrals to our Law Clinic if needed.,"The Breakfast Club, running for 7 years, provides a mutual support network for dads, where all dietary needs are met. Dads House also offers a lunch club every Tuesday.",,,1,1,https://lionpuppy.uk/wp-content/uploads/2024/09/Dads-house-food-delivery-image.jpg|139||::https://lionpuppy.uk/wp-content/uploads/2024/09/Dads-house-food-delivery-bank-2.jpg|141||::https://lionpuppy.uk/wp-content/uploads/2024/09/WILLSCOTT-DADSHOUSE-29.jpg|140||::https://lionpuppy.uk/wp-content/uploads/2024/09/dadshouse-stats-area.jpg|142||::https://lionpuppy.uk/wp-content/uploads/2024/09/Dads-house-food-delivery-bank.jpg|143||
3082,Sorana‚Äôs Strays,"Sorana‚Äôs Strays ‚Äì Rescuing, Rehabilitating &amp; RehomingAt Sorana‚Äôs Strays, we rescue and care for abandoned animals, giving them a second chance at a loving home. Through rehabilitation, vet care, and adoption, we work to ensure every pet finds the family they deserve.Support us by adopting, fostering, or donating‚Äîbecause every stray deserves a home. ‚ù§Ô∏èüêæ",publish,125,gd_place,2025-07-09 01:23:10,2025-08-25 09:41:08,,",229,195,230,",229,1,The Broadway,,London,Greater London,United Kingdom,SW19 1RF,51.42019202,-0.2046203613,,PayPal,,,13,0000-00-00,"[""Mo 00:00-00:00"",""Tu 09:00-17:00"",""We 09:00-17:00"",""Th 09:00-17:00"",""Fr 09:00-17:00""],[""UTC"":""+0"",""Timezone"":""UTC""]",soranas.strays@yahoo.com,1,,https://www.facebook.com/groups/1152921299193045/media,https://www.PayPal.me/fiona1977,"Not ready to adopt? You can still change a life.
At Sorana‚Äôs Strays, we rescue, rehabilitate, and rehome abandoned animals‚Äîgiving them the second chance they truly deserve. Every donation helps cover vital vet care, food, shelter, and transport for these vulnerable pets as they await their forever homes.Your support keeps tails wagging, even if you can‚Äôt adopt.",1,1,,,,,,,,,,,,,,,0,0,https://lionpuppy.uk/wp-content/uploads/2025/03/soranas-strays3.jpg|158||::https://lionpuppy.uk/wp-content/uploads/2025/03/soranas-strays2.jpg|159||::https://lionpuppy.uk/wp-content/uploads/2025/03/soranas-strays.jpg|160||::https://lionpuppy.uk/wp-content/uploads/2025/03/soranas-strays4.jpg|161||
3381,The Dog & Fox,"An iconic pub with rooms in the heart of Wimbledon Village, the Dog & Fox offers a cozy and spacious environment for all. It's an ideal spot for a post-walk pint or a relaxing dinner with your dog by your side. With a focus on fresh, seasonal British ingredients, the pub serves everything from hearty breakfasts to mouthwatering Sunday roasts. They also have private event spaces and a selection of stunning boutique bedrooms, with some specifically designated as dog-friendly. Your furry friend wil",publish,1,gd_place,2025-08-25 00:36:24,2025-08-25 09:41:09,,",139,",139,0,24 High Street,,London,Greater London,United Kingdom,SW19 5EA,51.4251359,-0.2177329,020 8946 6565,,,,1,0000-00-00,,dogandfox@youngs.co.uk,1,,https://www.dogandfoxwimbledon.co.uk/,,,0,0,https://www.facebook.com/dogandfoxwimbledon,https://www.google.com/search?q=https://www.instagram.com/dogandfoxwimbledon/,,,,,,,,,,,,,0,0,https://lionpuppy.uk/wp-content/uploads/2025/08/dog-fox.jpg|202||
3404,The Fire Stables,"A warm and inviting pub in Wimbledon Village, The Fire Stables is a perfect spot for any occasion. The pub‚Äôs menu champions the best of British ingredients, with expertly crafted dishes from brunch to dinner. They also offer a wide selection of cocktails, wines, and craft beers. As a proudly dog-friendly establishment, they welcome four-legged companions with complimentary treats and fresh water, making it an ideal stop after a walk on Wimbledon Common.",publish,1,gd_place,2025-08-25 00:35:48,2025-08-25 09:41:10,,",139,",139,0,27-29 Church Road,,London,Greater London,United Kingdom,SW19 5DQ,51.4261139,-0.2170882,020 8946 3197,,,,1,0000-00-00,,firestables@youngs.co.uk,1,,https://www.firestables.co.uk/,,,0,0,https://www.facebook.com/firestableswimbledon,https://www.instagram.com/firestableswimbledon/,,,,,,,,,,,,,0,0,https://lionpuppy.uk/wp-content/uploads/2025/08/fire-stables.webp|213||
5229,Rose & Crown,"A charming 17th-century pub with 13 comfortable rooms, the Rose &amp; Crown is a short stroll from Wimbledon Common, making it the perfect post-walk destination for you and your dog. The pub is known for its hearty British pub classics, delicious Sunday roasts, and a welcoming team led by Landlady Nicky and the pub‚Äôs resident dog, Freddy. They offer dog-friendly accommodation, providing a special welcome with treats, a dog bed or blanket, and a water bowl for your canine companion.",publish,1,gd_place,2025-08-25 00:52:39,2025-08-25 09:48:13,,",139,",139,0,55 High Street,,London,Greater London,United Kingdom,SW19 5BA,51.4258477,-0.2202231,020 8947 4713,,,,1,0000-00-00,,roseandcrown@youngs.co.uk,1,,https://www.roseandcrownwimbledon.co.uk/,,,0,0,https://www.facebook.com/roseandcrownwimbledon,https://www.instagram.com/roseandcrownwimbledon/,,,,,,,,,,,,,0,0,https://lionpuppy.uk/wp-content/uploads/2025/08/rose-and-crown-front.webp|257||
5234,"The Alexandra, Wimbledon","A bustling community pub run by legendary landlords Mick and Sarah, The Alexandra prides itself on a super-welcoming vibe for everyone, including four-legged friends. They offer a great selection of beers, global wines, and a menu of pub classics made with fresh, locally-sourced British ingredients. The pub welcomes dogs on the ground floor and even provides treats at the bar, making it an ideal stop after a walk.",publish,1,gd_place,2025-08-25 00:35:31,2025-08-25 09:41:12,,",139,",139,0,33 Wimbledon Hill Road,,London,Greater London,United Kingdom,SW19 7NE,51.4220056,-0.2080644,020 8947 7691,,,,1,0000-00-00,,alexandra@youngs.co.uk,1,,https://www.alexandrawimbledon.com/,,,0,0,https://www.facebook.com/alexandrawimbledon,https://www.instagram.com/thealexsw19/,,,,,,,,,,,,,0,0,https://lionpuppy.uk/wp-content/uploads/2025/08/The-Alexandra-72.avif|254||
5779,Pawpairs Pet Au Pairs,Pawpairs offers a boutique dog grooming service with a one-to-one approach  ensuring a personal and stress-free experience for your dog. Their services include puppy introductory grooms  wash and tidies  hand stripping  and nail clipping. They also offer a loyalty discount for regular customers.,publish,1,gd_place,2025-08-25 00:36:08,2025-08-25 09:41:14,,",77,",77,0,524 Garratt Lane,London,London,Greater Greater London,United Kingdom,SW17 0NY,51.4372249,-0.1869692,07415 736652,,,,1,0000-00-00,,info@pawpairs.co.uk,1,,,,,0,0,,,,,,,,,,,,,,,0,0,https://lionpuppy.uk/wp-content/uploads/2025/08/Pawpairs-dog-walker-job-dog-walking-job-1.webp|217||
5820,D-O-G Grooming Studio,"Professional dog grooming services in South West London, offering a range of styling options.",publish,1,gd_place,2025-08-25 00:36:35,2025-08-25 09:41:16,,",77,",77,0,100 Northcote Rd,,London,Greater London,United Kingdom,SW11 6QW,51.457334,-0.1659337,2071237777,,,,1,0000-00-00,"[""Tu 09:00-17:00"",""We 09:00-17:00"",""Th 09:00-17:00"",""Fr 09:00-17:00"",""Sa 09:00-17:00""][""""UTC"""":""""+0""""Timezone"""":""""UTC""""]""",info@doggroomingstudio.co.uk,1,,https://www.doggroomingstudio.co.uk/,,,0,0,,,,,,,,,,,,,,,0,0,https://lionpuppy.uk/wp-content/uploads/2025/07/ce311889600a88ff80f2bbf16eb88b61.jpg|218||
5822,The Old Frizzle,"Lively dog-friendly pub in Wimbledon Broadway, known for its craft beers, food, and live music.",publish,1,gd_place,2025-08-25 00:36:50,2025-08-25 09:41:18,,",139,",139,0,74-78 The Broadway,,London,Greater London,United Kingdom,SW19 1RQ,51.4197442,-0.2021474,2085403333,,,,1,0000-00-00,,info@theoldfrizzle.co.uk,1,,https://www.theoldfrizzle.co.uk/,,,0,0,https://www.facebook.com/TheOldFrizzle/,https://www.instagram.com/theoldfrizzle/,,,,,,,,,,,,,0,0,https://lionpuppy.uk/wp-content/uploads/2025/07/old-frizzle.webp|219||
5824,Pet Pavilion (Chelsea),"Luxury pet boutique offering high-end pet food, accessories, and grooming services.",publish,1,gd_place,2025-08-25 00:37:42,2025-08-25 09:41:19,,",129,",129,0,100 Fulham Rd,,London,Greater London,United Kingdom,SW3 6HS,51.4896916,-0.1754471,2071239999,,,,1,0000-00-00,,kingsroad@petpavilion.co.uk,1,,https://www.petpavilion.co.uk/,,,0,0,https://www.facebook.com/PetPavilion/,https://www.instagram.com/petpavilion/,,,,,,,,,,,,,0,0,https://lionpuppy.uk/wp-content/uploads/2025/07/Photoroom_20241208_124413.webp|220||
5828,Laura's Little Lodgers,Laura's Little Lodgers offers home boarding for small dogs in London. She runs a very special home-from-home business with the aim of giving all of her little lodgers as much love and attention as they would receive at home. She is a council 5-star licensed provider.,publish,1,gd_place,2025-08-25 00:33:42,2025-08-25 09:41:20,,",76,",76,0,,,London,Greater London,United Kingdom,,51.4893335,-0.1440551,,,,,1,0000-00-00,"[""Mo 09:00-17:00"",""Tu 09:00-17:00"",""We 09:00-17:00"",""Th 09:00-17:00"",""Fr 09:00-17:00""],[""UTC"":""+0"",""Timezone"":""UTC""]",lauraslittlelodgers@gmail.com,1,,https://www.lauraslittlelodgers.co.uk/,,,0,0,,,,,,,,,,,,,,,0,0,https://lionpuppy.uk/wp-content/uploads/2025/08/lauras-little-lodgers-1.jpeg|222||
5830,Bed and Bone Home Dog Boarding,Bed and Bone provides a home-from-home dog boarding service in SW London. They offer a pick-up and drop-off chauffeur service for your convenience and ensure your dog has a great holiday in front of a fire after a walk on the beach or a woodland ramble. They are a council 5-star rated service.,publish,1,gd_place,2025-08-25 00:33:33,2025-08-25 09:41:21,,",76,",76,0,,,London,Greater London,United Kingdom,,51.4893335,-0.1440551,,,,,1,0000-00-00,,info@bedandbonelondon.co.uk,1,,https://www.bedandboneboarding.co.uk/,,,0,0,,,,,,,,,,,,,,,0,0,https://lionpuppy.uk/wp-content/uploads/2025/08/Bed20and20Bone-1.webp|223||
5834,The Black Lamb,"A modern and stylish eatery in Wimbledon Village that focuses on a ""hunter-gatherer"" approach to cooking using seasonal and sustainably sourced British produce. They warmly welcome small well-behaved dogs in the front of the restaurant and ask that you mention this in the reservation notes.",publish,1,gd_place,2025-08-25 00:42:41,2025-08-25 09:41:23,,",139,",139,0,67 High St,,London,Greater London,United Kingdom,SW19 5EE,51.4253587,-0.2182119,020 8947 8278,,,,1,0000-00-00,,info@theblacklamb-wimbledon.co.uk,1,,,,,0,0,,,,,,,,,,,,,,,0,0,https://lionpuppy.uk/wp-content/uploads/2025/08/2024-04-10-1.webp|253||
5836,The Crooked Billet,A traditional pub located right next to Wimbledon Common. It‚Äôs the perfect pit-stop for walkers and their dogs. The pub offers a cozy interior with log fires in the winter and a spacious popular beer garden for warmer months. They serve classic pub food and a great selection of local ales.,publish,1,gd_place,2025-08-25 00:37:34,2025-08-25 09:41:24,,",139,",139,0,14‚Äì15 Crooked Billet,Wimbledon,London,Greater London,United Kingdom,SW19 4RD,51.4214666,-0.2277948,020 8946 4942,,,,1,0000-00-00,,info@thecrookedbilletwimbledon.com,1,,,,,0,0,,,,,,,,,,,,,,,0,0,https://lionpuppy.uk/wp-content/uploads/2025/07/2025-07-28.webp|226||
5838,601 Queen‚Äôs Rd,A contemporary neighbourhood bar and restaurant located in the heart of Wimbledon. It offers a stylish interior and a standout feature: a large wrap-around first-floor roof terrace perfect for socializing. They warmly welcome well-behaved dogs especially on the spacious terrace making it a great destination for a post-walk treat.,publish,1,gd_place,2025-08-25 00:35:22,2025-08-25 09:41:24,,",139,",139,0,601 Queen‚Äôs Rd,Centre Court Shopping Centre,London,Greater London,United Kingdom,SW19 8YA,51.4207298,-0.2045247,0203 907 6788,,,,1,0000-00-00,,reservations@601queensrd.co.uk,1,,,,,0,0,,,,,,,,,,,,,,,0,0,https://lionpuppy.uk/wp-content/uploads/2025/08/unnamed-1.webp|227||
5840,Stone Lion Veterinary Hospital,A long-standing part of the Wimbledon community Stone Lion Veterinary Hospital has been providing expert veterinary care for over 100 years. They are a large well-equipped hospital offering 24-hour care surgical facilities and a comprehensive range of medical services.,publish,1,gd_place,2025-08-25 00:35:13,2025-08-25 09:41:25,,",72,",72,0,41 High St,Wimbledon,London,Greater London,United Kingdom,SW19 5AU,51.425028,-0.220488,020 8946 4228,,,,1,0000-00-00,,stonelionvets@goddardvetgroup.co.uk,1,,,,,0,0,,,,,,,,,,,,,,,0,0,https://lionpuppy.uk/wp-content/uploads/2025/08/JMW-3070139-1.webp|228||
5842,Goddard Veterinary Group,Part of the well-respected Goddard Veterinary Group this branch in Wimbledon is dedicated to providing high-quality and compassionate healthcare for pets. They offer a wide range of services with a skilled and dedicated team focused on your animal's welfare.,publish,1,gd_place,2025-08-25 00:35:55,2025-08-25 09:41:27,,",72,",72,0,60 High St,Wimbledon,London,Greater London,United Kingdom,SW19 5EE,51.4254515,-0.2188135,020 8946 0411,,,,1,0000-00-00,,dundonald@goddardvetgroup.co.uk,1,,,,,0,0,,,,,,,,,,,,,,,0,0,https://lionpuppy.uk/wp-content/uploads/2025/08/IMG_0198-1.webp|229||
5844,Wimbledon Veterinary Surgery,Wimbledon Veterinary Surgery is a purpose-built hospital that provides high-quality veterinary care for all family pets. They offer a full range of veterinary services including check-ups diagnostics surgical facilities and emergency care. The practice has a reputation for being caring and pet-friendly.,publish,1,gd_place,2025-08-25 00:35:39,2025-08-25 09:41:28,,",72,",72,0,170-172 Merton Road,Wimbledon,London,Greater London,United Kingdom,SW19 1EG,51.4174713,-0.1925755,020 8540 7275,,,,1,0000-00-00,,reception@wimbledonvets.co.uk,1,,,,,0,0,,,,,,,,,,,,,,,0,0,https://lionpuppy.uk/wp-content/uploads/2025/08/SH-172-1.webp|230||
5846,Pets at Home,Pets at Home Wimbledon is a premier destination for pet enthusiasts offering a comprehensive range of products and services under one roof. They stock an extensive selection of pet supplies including food toys grooming products and accessories for dogs cats birds and more.,publish,1,gd_place,2025-08-25 00:37:08,2025-08-25 09:41:29,,",128,",128,0,Plough Lane Retail Park,Plough Ln,London,Greater London,United Kingdom,SW17 0BW,51.4304194,-0.1849547,03458 509610,,,,1,0000-00-00,,cservice@petsathome.co.uk,1,,,,,0,0,,,,,,,,,,,,,,,0,0,https://lionpuppy.uk/wp-content/uploads/2025/07/location-PREJNAfB.jpg|231||
5848,Creature Company Wimbledon,Creature Company is a friendly local pet shop and grooming salon on Wimbledon's Broadway. They have been trading for over 16 years and offer a comprehensive range of food accessories and supplies for dogs cats small animals birds and even wildlife.,publish,1,gd_place,2025-08-25 00:35:02,2025-08-25 09:41:30,,",128,",128,0,54 The Broadway,London,London,Greater London,United Kingdom,SW19 1RQ,51.4198972,-0.2030546,020 8542 0004,,,,1,0000-00-00,,adam@creaturecompany.co.uk,1,,,,,0,0,,,,,,,,,,,,,,,0,0,https://lionpuppy.uk/wp-content/uploads/2025/08/d1qj1vY-1200x1200-1-1.webp|232||
5850,Dog & Parrot Behaviourist London,"This service offers a unique approach to dog behaviour, with a focus on remote and video call consultations. The practitioner, Elaine Henley, helps dogs with a variety of issues, including reactivity towards other dogs, obsessive behaviour, and noise sensitivity. Her approach has proven to be highly effective for clients both locally and at a distance.",publish,1,gd_place,2025-08-25 00:33:52,2025-08-25 09:41:31,,",128,",128,0,,,London,Greater London,United Kingdom,,51.4893335,-0.1440551,,,,,1,0000-00-00,"[""Mo 09:00-17:00"",""Tu 09:00-17:00"",""We 09:00-17:00"",""Th 09:00-17:00"",""Fr 09:00-17:00""],[""UTC"":""+0"",""Timezone"":""UTC""]",enquiries@dogandparrot.co.uk,1,,https://www.dogbehaviour.org.uk/,,,0,0,,,,,,,,,,,,,,,0,0,https://lionpuppy.uk/wp-content/uploads/2025/08/KensingtonHounds-1.webp|233||
5852,Dog Behaviorist Ross McCarthy,"Ross McCarthy is a leading canine behaviourist and trainer with over 25 years of experience. His services are known for being high-end and effective, with a focus on specialist training, residential programs, and dog safety education. His refined expertise has helped hundreds of discerning clients and their loyal companions.",publish,1,gd_place,2025-08-25 00:34:36,2025-08-25 09:41:31,,",128,",128,0,,,London,Greater London,United Kingdom,,51.4893335,-0.1440551,,,,,1,0000-00-00,"[""Mo 09:00-17:00"",""Tu 09:00-17:00"",""We 09:00-17:00"",""Th 09:00-17:00"",""Fr 09:00-17:00""],[""UTC"":""+0"",""Timezone"":""UTC""]",ross@cfba.co.uk,1,,https://www.rossmccarthy.com/,,,0,0,,,,,,,,,,,,,,,0,0,https://lionpuppy.uk/wp-content/uploads/2025/08/ross-mccarthy-dog-behaviourist-1.jpg|234||
5854,Zoe Willingham Dog Behaviourist,"Zoe Willingham is a dog behaviourist who specializes in separation anxiety, aggression, and reactivity. She helps dog owners all over the UK with the challenges they face in dealing with their dog's behaviour. She offers a range of packages and tailored plans to suit the needs of each individual dog and owner.",publish,1,gd_place,2025-08-25 00:49:57,2025-08-25 09:41:32,,",128,",128,0,Sandy Lane,,Mid Suffolk,Suffolk,United Kingdom,IP6 0PB,52.1212773,1.1063615,,,,,1,0000-00-00,"[""Mo 09:00-17:00"",""Tu 09:00-17:00"",""We 09:00-17:00"",""Th 09:00-17:00"",""Fr 09:00-17:00""],[""UTC"":""+0"",""Timezone"":""UTC""]",zoe@bestbehaviourdogtraining.co.uk,1,,https://www.zoewillinghamdogbehaviourist.co.uk/,,,0,0,,,,,,,,,,,,,,,0,0,https://lionpuppy.uk/wp-content/uploads/2025/08/Zoe-Willingham-god-behaviourist-1.avif|255||
5855,Animal Behaviour Kent,"Animal Behaviour Kent (ABK) provides expert behaviour support for aggression, reactivity, separation anxiety, and more. Their qualified and veterinary-recommended behaviourists focus solely on behaviour rehabilitation, not basic training. They offer structured, ongoing support with science-backed, ethical training methods.",publish,1,gd_place,2025-08-25 00:34:15,2025-08-25 09:41:33,,",128,",128,0,,,London,Greater London,United Kingdom,,51.4893335,-0.1440551,,,,,1,0000-00-00,"[""Mo 09:00-17:00"",""Tu 09:00-17:00"",""We 09:00-17:00"",""Th 09:00-17:00"",""Fr 09:00-17:00""],[""UTC"":""+0"",""Timezone"":""UTC""]",info@animalbehaviourkent.co.uk,1,,https://animalbehaviourkent.co.uk/london-dog-behaviour,,,0,0,,,,,,,,,,,,,,,0,0,https://lionpuppy.uk/wp-content/uploads/2025/08/AnimalBehaviourKent-1.webp|235||
5857,PawsitiveTribe,"Pawsitive Pups offers a range of services, including puppy training, obedience classes, and behavioural consultations. Their trainers use positive reinforcement to help dogs overcome issues like fear, anxiety, and aggression. They are a mobile service and serve the London area.",publish,1,gd_place,2025-08-25 00:34:00,2025-08-25 09:41:34,,",128,",128,0,,,London,Greater London,United Kingdom,,51.4893335,-0.1440551,,,,,1,0000-00-00,"[""Mo 09:00-17:00"",""Tu 09:00-17:00"",""We 09:00-17:00"",""Th 09:00-17:00"",""Fr 09:00-17:00""],[""UTC"":""+0"",""Timezone"":""UTC""]",info@pawsitivetribe.co.uk,1,,https://pawsitivetribe.com/,,,0,0,,,,,,,,,,,,,,,0,0,https://lionpuppy.uk/wp-content/uploads/2025/08/pawsitive-tribe-2.webp|236||
5859,Holidays4Dogs,"Holidays4Dogs is a home boarding service that connects dog owners with approved and checked carers in London and the M25 area. All carers are experienced, mature, reliable, and home-based dog lovers who provide a true home-from-home holiday for your dog.",publish,1,gd_place,2025-08-25 00:33:22,2025-08-25 09:41:34,,",76,",76,0,,,London,Greater London,United Kingdom,,51.4893335,-0.1440551,0800 2300266,,,,1,0000-00-00,,enquiries@holidays4dogs.co.uk,1,,https://www.holidays4dogs.co.uk/,,,0,0,,,,,,,,,,,,,,,0,0,https://lionpuppy.uk/wp-content/uploads/2025/08/Holidays4Dogs-1.webp|237||
5861,Amy's Pet Services,"Amy's Pet Services is a small team of dedicated, reliable, experienced, professional pet-sitters who offer solo dog-walking, live-in pet-sitting and visits for your pets in London and the Home Counties. They are DBS-checked and offer a fully insured service.",publish,1,gd_place,2025-08-25 00:33:05,2025-08-25 09:41:35,,",76,",76,0,,,London,Greater London,United Kingdom,,51.4893335,-0.1440551,07799 848677,,,,1,0000-00-00,,info@amys-petservices.co.uk,1,,http://www.amyspetservices.co.uk/,,,0,0,,,,,,,,,,,,,,,0,0,https://lionpuppy.uk/wp-content/uploads/2025/08/ameys-pet-services-1.webp|238||
5863,Your London Pet Sitter,"Your London Pet Sitter is an award-winning, family-run pet service provider with over 10 years of experience. They provide live-in cat sitters, dog walkers, and other pet services. They are committed to ensuring your peace of mind while you are away, and they have backup sitters available in case of an emergency.",publish,1,gd_place,2025-08-25 00:32:53,2025-08-25 09:41:36,,",76,",76,0,,,London,Greater London,United Kingdom,,51.4893335,-0.1440551,,,,,1,0000-00-00,,info@yourlondonpetsitter.com,1,,https://www.yourlondonpetsitter.com/,,,0,0,,,,,,,,,,,,,,,0,0,https://lionpuppy.uk/wp-content/uploads/2025/08/Your20London20Pet20Sitter-1.webp|239||
5867,Petstop London,"Petstop London is a home-based pet care service in Cricklewood. They provide a personalised and reliable service all year round, with the goal of making sure your best friend is having the best time while you are away. They offer home boarding, walks, and pet visits.",publish,1,gd_place,2025-08-25 00:32:12,2025-08-25 09:41:38,,",76,",76,0,,,London,Greater London,United Kingdom,,51.4893335,-0.1440551,,,,,1,0000-00-00,,contact@petstoplondon.co.uk,1,,https://www.petstoplondon.co.uk/,,,0,0,,,,,,,,,,,,,,,0,0,https://lionpuppy.uk/wp-content/uploads/2025/08/Petstop20London-1.webp|241||
5869,The Pet Nanny London,"The Pet Nanny London offers a professional and loving service for pet sitting, dog walking, and home boarding. They are a family-run business that is fully insured and licensed. They have been providing a safe and caring environment for pets since 2010.",publish,1,gd_place,2025-08-25 00:31:37,2025-08-25 09:41:38,,",76,",76,0,84 Leithcote Gardens,,London,Greater London,United Kingdom,SW16 2UY,51.4318857,-0.1212683,,,,,1,0000-00-00,,petnannylondon@gmail.com,1,,https://www.thepetnannylondon.co.uk/,,,0,0,,,,,,,,,,,,,,,0,0,https://lionpuppy.uk/wp-content/uploads/2025/08/The20Pet20Nanny-1.webp|242||
5871,Green Dog Walking,"Green Dog Walking provides professional, reliable and friendly dog walking and doggy day care services across London. They are known for their group walks in large green spaces like Hampstead Heath and their commitment to treating each dog as if it were their own.",publish,1,gd_place,2025-08-25 00:29:45,2025-08-25 09:41:39,,",71,",71,0,,,London,Greater London,United Kingdom,,51.4893335,-0.1440551,020 3394 0074,,,,1,0000-00-00,"[""Mo 09:00-17:00"",""Tu 09:00-17:00"",""We 09:00-17:00"",""Th 09:00-17:00"",""Fr 09:00-17:00""],[""UTC"":""+0"",""Timezone"":""UTC""]",info@greendogwalking.co.uk,1,,https://greendogwalking.co.uk/,,,0,0,,https://www.instagram.com/greendogwalking/,,,,,,,,,,,,,0,0,https://lionpuppy.uk/wp-content/uploads/2025/08/GreenDogWalking-1.webp|243||
5873,Kensington Hounds,"Kensington Hounds is a leading dog walking and training company operating in the Royal Borough of Kensington and Chelsea. They specialise in fun, sociable off-leash group walks and offer a rewards-based, ethical training service for dogs and their owners.",publish,1,gd_place,2025-08-25 00:29:36,2025-08-25 09:41:45,,",71,",71,0,,,London,Greater London,United Kingdom,,51.4893335,-0.1440551,,,,,1,0000-00-00,"[""Mo 08:30-15:30"",""Tu 08:30-15:30"",""We 08:30-15:30"",""Th 08:30-15:30"",""Fr 08:30-15:30""],[""UTC"":""+0"",""Timezone"":""UTC""]",info@kensingtonhounds.co.uk,1,,https://www.kensingtonhounds.co.uk/,,,0,0,,,,,,,,,,,,,,,0,0,https://lionpuppy.uk/wp-content/uploads/2025/08/KensingtonHounds-2.webp|244||
5875,H&H Dog,H&H Dog offers professional and reliable dog walking services in North and North West London. They are endorsed by numerous veterinary surgeries and pride themselves on a personalised service that prioritizes the well-being of your dog. Their vans are climate-controlled for safe transport.,publish,1,gd_place,2025-08-25 00:29:29,2025-08-25 09:41:45,,",71,",71,0,,,London,Greater London,United Kingdom,,51.4893335,-0.1440551,020 3633 4756,,,,1,0000-00-00,"[""Mo 09:00-17:00"",""Tu 09:00-17:00"",""We 09:00-17:00"",""Th 09:00-17:00"",""Fr 09:00-17:00""],[""UTC"":""+0"",""Timezone"":""UTC""]",info@hnhdog.co.uk,1,,https://www.hnhdog.co.uk/,,,0,0,,,,,,,,,,,,,,,0,0,https://lionpuppy.uk/wp-content/uploads/2025/08/H26HDogLondo-1.webp|245||
5877,The Dogfather UK,"The Dogfather UK is an award-winning dog care company offering dog walking, boarding, and daycare in South West London. Their dedicated team transports dogs to the vast landscapes of Wimbledon Common, providing a proper one-hour walk in a natural and enriching environment. They are a 5-star licensed service.",publish,1,gd_place,2025-08-25 00:29:52,2025-08-25 09:41:46,,",71,",71,0,,,London,Greater London,United Kingdom,,51.4893335,-0.1440551,0208 050 2262,,,,1,0000-00-00,"[""Mo 09:00-17:00"",""Tu 09:00-17:00"",""We 09:00-17:00"",""Th 09:00-17:00"",""Fr 09:00-17:00""],[""UTC"":""+0"",""Timezone"":""UTC""]",info@thedogfatheruk.com,1,,https://www.thedogfatheruk.com/,,,0,0,https://www.facebook.com/thedogfatheruk/,,,,,,,,,,,,,,0,0,https://lionpuppy.uk/wp-content/uploads/2025/08/TheDogfather-1.webp|246||
5879,The Woof Pack Chelsea,"The Woof Pack offers fun, structured and enriching pack walks for small and medium-sized dogs in Fulham, Putney, Battersea and Chelsea. Their walkers are trained and reliable, ensuring your dog gets a chance to socialise in a controlled environment. They also offer dog boarding and pet sitting services.",publish,1,gd_place,2025-08-25 00:29:59,2025-08-25 09:41:47,,",71,",71,0,,,London,Greater London,United Kingdom,,51.4893335,-0.1440551,,,,,1,0000-00-00,"[""Mo 09:00-17:00"",""Tu 09:00-17:00"",""We 09:00-17:00"",""Th 09:00-17:00"",""Fr 09:00-17:00""],[""UTC"":""+0"",""Timezone"":""UTC""]",hello@thewoofpackchelsea.com,1,,https://www.thewoofpackchelsea.com/,,,0,0,,https://www.instagram.com/thewoofpackchelsea/,,,,,,,,,,,,,0,0,https://lionpuppy.uk/wp-content/uploads/2025/08/TheWoofPack-1.webp|247||
5881,Hound Crew,Hound Crew is a professional dog walking service that specialises in expert-led off-leash dog walks in Hackney and East London. They use GPS trackers on all dogs for safety and are fully insured and dog first aid trained. They pride themselves on making dogs happier and more confident.,publish,1,gd_place,2025-08-25 00:30:53,2025-08-25 09:41:48,,",71,",71,0,,,London,Greater London,United Kingdom,E9,51.5418315,-0.0294866,,,,,1,0000-00-00,"[""Mo 09:00-17:00"",""Tu 09:00-17:00"",""We 09:00-17:00"",""Th 09:00-17:00"",""Fr 09:00-17:00""],[""UTC"":""+0"",""Timezone"":""UTC""]",,1,,https://www.houndcrew.co.uk/,,,0,0,,https://www.instagram.com/houndcrew/,,,,,,,,,,,,,0,0,https://lionpuppy.uk/wp-content/uploads/2025/08/HoundCrewHackney-1.webp|248||
5883,We Love Pets Wimbledon,"We Love Pets Wimbledon is a team of trusted dog walkers and pet care professionals that are fully insured and DBS checked. They offer dog walking, dog sitting and pet sitting in Wimbledon and the surrounding areas. They never 'pack walk' dogs and focus on providing one-to-one or small group walks.",publish,1,gd_place,2025-08-25 00:30:08,2025-08-25 09:41:49,,",71,",71,0,,,Wimbledon,Greater London,United Kingdom,SW19,51.4212621,-0.2058685,07435 036451,,,,1,0000-00-00,"[""Mo 09:00-18:00"",""Tu 09:00-18:00"",""We 09:00-18:00"",""Th 09:00-18:00"",""Fr 09:00-18:00""],[""UTC"":""+0"",""Timezone"":""UTC""]",wimbledon@welovepets.email,1,,https://welovepets.care/branch/wimbledon/,,,0,0,,,,,,,,,,,,,,,0,0,https://lionpuppy.uk/wp-content/uploads/2025/08/WeLovePetsWimbledon-1.webp|249||
5885,The Greenwich Dog Club,"The Greenwich Dog Club offers a range of top-quality dog walking, daycare, and puppy training services. They are a small but dedicated team that is fully insured and DBS checked. They offer morning, lunch time and afternoon walks, and carefully match groups according to age, size, and temperament.",publish,1,gd_place,2025-08-25 00:30:36,2025-08-25 09:41:49,,",71,",71,0,,,London,Greater London,United Kingdom,SE10,51.5029954,-0.0014602,,,,,1,0000-00-00,"[""Mo 09:00-17:00"",""Tu 09:00-17:00"",""We 09:00-17:00"",""Th 09:00-17:00"",""Fr 09:00-17:00""],[""UTC"":""+0"",""Timezone"":""UTC""]",ayden@greenwichdogclub.co.uk,1,,https://greenwichdogclub.co.uk/,,,0,0,,,,,,,,,,,,,,,0,0,https://lionpuppy.uk/wp-content/uploads/2025/08/The20Greenwich20Dog20Club-1.jpg|250||
5887,Paws Galore Pet Sitters,"Paws Galore is a professional pet care service offering dog walking and pet sitting in London. They are a family-run business that is fully insured and all sitters are carefully vetted. They offer services for dogs, cats, and small animals.",publish,1,gd_place,2025-08-25 00:30:20,2025-08-25 09:41:50,,",71,",71,0,,,London,Greater London,United Kingdom,NW1 9UD,51.5074456,-0.1277653,07799 848677,,,,1,0000-00-00,"[""Mo 09:00-17:00"",""Tu 09:00-17:00"",""We 09:00-17:00"",""Th 09:00-17:00"",""Fr 09:00-17:00""],[""UTC"":""+0"",""Timezone"":""UTC""]",enquiries@pawsgalorepetsitters.com,1,,https://www.pawsgalorepetsitters.com/,,,0,0,,,,,,,,,,,,,,,0,0,https://lionpuppy.uk/wp-content/uploads/2025/08/Paws20Galore20Pet20Sitters-1.jpg|251||
5889,Dave's Paws,"Dave's Paws provides dog walking, doggy daycare and home boarding services in Clapham. They are known for their professional and caring approach, treating each dog like their own. They send regular photo and video updates of the dogs' adventures.",publish,1,gd_place,2025-08-25 00:28:35,2025-08-25 09:41:51,,",71,",71,0,,,London,Greater London,United Kingdom,,51.4893335,-0.1440551,,,,,1,0000-00-00,"[""Mo 09:00-17:00"",""Tu 09:00-17:00"",""We 09:00-17:00"",""Th 09:00-17:00"",""Fr 09:00-17:00""],[""UTC"":""+0"",""Timezone"":""UTC""]",contact@davespaws.co.uk,1,,https://www.davespaws.co.uk/,,,0,0,,,,,,,,,,,,,,,0,0,https://lionpuppy.uk/wp-content/uploads/2025/08/Dave27s20Paws-1.webp|252||